Age_mean,Age_std,Age_n,BMI_mean,BMI_std,BMI_n,DBP_mean,DBP_std,DBP_n,Gender_mean,Gender_std,Gender_n,Height_mean,Height_std,Height_n,SBP_mean,SBP_std,SBP_n,Weight_mean,Weight_std,Weight_n,EKG_len,PPG_len,ABP_len
58.98098307123829,15.032403861000896,465480,22.918766649480105,3.437773408852244,465480,62.91572964418732,12.084088094109903,465480,0.576952822892498,0.49404330519522244,465480,162.5027049497293,9.641188438962297,465480,115.4766806962956,18.933861857303597,465480,60.82389522643293,11.659300431494739,465480,1250,1250,1250
