Age_mean,Age_std,Age_n,BMI_mean,BMI_std,BMI_n,DBP_mean,DBP_std,DBP_n,Gender_mean,Gender_std,Gender_n,Height_mean,Height_std,Height_n,SBP_mean,SBP_std,SBP_n,Weight_mean,Weight_std,Weight_n,EKG_len,PPG_len,ABP_len
57.255625818948324,14.054704450049513,70212,22.941715091437356,3.1774876966100662,70212,63.83109687725665,11.846807705668459,70212,0.602332934541104,0.489419433669103,70212,165.02027573634135,8.885062008375462,70212,116.6373621916929,18.82614570603357,70212,62.82496724206689,11.891190485079692,70212,1250,1250,1250
