Age_mean,Age_std,Age_n,BMI_mean,BMI_std,BMI_n,DBP_mean,DBP_std,DBP_n,Gender_mean,Gender_std,Gender_n,Height_mean,Height_std,Height_n,SBP_mean,SBP_std,SBP_n,Weight_mean,Weight_std,Weight_n,EKG_len,PPG_len,ABP_len
58.166666666666664,15.43368328807014,57600,22.906727430555556,3.1340285278636304,57600,63.02434536400924,11.874363219117534,57600,0.5972222222222222,0.4904610236873531,57600,163.28658854166667,9.382579734439034,57600,115.42987725595735,18.72384178981998,57600,61.294956597222225,11.053601385687145,57600,1250,1250,1250
