Age_mean,Age_std,Age_n,BMI_mean,BMI_std,BMI_n,DBP_mean,DBP_std,DBP_n,Gender_mean,Gender_std,Gender_n,Height_mean,Height_std,Height_n,SBP_mean,SBP_std,SBP_n,Weight_mean,Weight_std,Weight_n,EKG_len,PPG_len,ABP_len
57.255625818948324,14.054704450049513,70212,22.941715091437356,3.1774876966100662,70212,63.83109687725665,11.846807705668459,70212,0.602332934541104,0.489419433669103,70212,165.02027573634135,8.885062008375462,70212,116.6373621916929,18.82614570603357,70212,62.82496724206689,11.891190485079692,70212,1250,1250,1250
57.25825825825826,13.510874460637147,666,23.30885885885885,3.297923186257563,666,75.3945843932746,18.22263209318863,666,0.5915915915915916,0.4919088382334677,666,164.32747747747752,8.979325222245844,666,134.67298180777246,30.896424391183256,666,63.24849849849848,11.895373682038578,666,1250,1250,1250
58.98068445475638,15.032644346850658,51720,22.91882637277648,3.4377892823675062,51720,62.936572398194706,12.070353113899726,51720,0.576952822892498,0.4940475507115485,51720,162.50279002320184,9.641086950051122,51720,115.49944892785786,18.846732144975793,51720,60.824101894818256,11.659244966954883,51720,1250,1250,1250
58.166666666666664,15.43368328807014,57600,22.906727430555556,3.1340285278636304,57600,63.02434536400924,11.874363219117534,57600,0.5972222222222222,0.4904610236873531,57600,163.28658854166667,9.382579734439034,57600,115.42987725595735,18.72384178981998,57600,61.294956597222225,11.053601385687145,57600,1250,1250,1250
58.98098307123829,15.032403861000896,465480,22.918766649480105,3.437773408852244,465480,62.91572964418732,12.084088094109903,465480,0.576952822892498,0.49404330519522244,465480,162.5027049497293,9.641188438962297,465480,115.4766806962956,18.933861857303597,465480,60.82389522643293,11.659300431494739,465480,1250,1250,1250
