,r2,mse,rmse,mae,n_samples,n_features,coef_0,std_err_0,coef_1,std_err_1,coef_2,std_err_2,coef_3,std_err_3,coef_4,std_err_4,coef_5,std_err_5,coef_6,std_err_6,coef_7,std_err_7
0,0.6158064700334887,0.12283248665718373,0.35047465907991654,0.26580148168053214,4128,7,-23.257783895551132,0.7128419056036676,0.00306748906489278,0.00046262734751221607,-0.03315872480169087,0.006357101495507485,0.22940692780809838,0.03224592201429294,-0.0021953888002164143,0.000283436827571808,-0.2712444387147409,0.00781526865563591,-0.27078145162097117,0.008164011371360861,0.7761043207297396,0.01862187851237732
