Age_mean,Age_std,Age_n,BMI_mean,BMI_std,BMI_n,DBP_mean,DBP_std,DBP_n,Gender_mean,Gender_std,Gender_n,Height_mean,Height_std,Height_n,SBP_mean,SBP_std,SBP_n,Weight_mean,Weight_std,Weight_n,EKG_len,PPG_len,ABP_len
57.25825825825826,13.510874460637147,666,23.30885885885885,3.297923186257563,666,75.3945843932746,18.22263209318863,666,0.5915915915915916,0.4919088382334677,666,164.32747747747752,8.979325222245844,666,134.67298180777246,30.896424391183256,666,63.24849849849848,11.895373682038578,666,1250,1250,1250
