run,model,portion_correct,test_loss,total_train_time,confusion_matrix
0,simple,0.8896,0.5625111620873213,26.703826904296875,[[838   2  19  15   5   0 115   0   6   0]; [  4 979   2  10   2   0   2   0   1   0]; [ 22   0 790   9 110   0  69   0   0   0]; [ 19  10  13 908  23   0  25   0   2   0]; [  1   0  66  35 840   0  58   0   0   0]; [  0   0   0   0   0 956   0  19   1  24]; [118   1  67  24  80   0 704   0   6   0]; [  0   0   0   0   0  12   0 944   0  44]; [  6   0   1   3  10   4   8   3 963   2]; [  0   0   0   0   0   4   1  21   0 974]]
