Age_mean,Age_std,Age_n,BMI_mean,BMI_std,BMI_n,DBP_mean,DBP_std,DBP_n,Gender_mean,Gender_std,Gender_n,Height_mean,Height_std,Height_n,SBP_mean,SBP_std,SBP_n,Weight_mean,Weight_std,Weight_n,EKG_len,PPG_len,ABP_len
58.98068445475638,15.032644346850658,51720,22.91882637277648,3.4377892823675062,51720,62.936572398194706,12.070353113899726,51720,0.576952822892498,0.4940475507115485,51720,162.50279002320184,9.641086950051122,51720,115.49944892785786,18.846732144975793,51720,60.824101894818256,11.659244966954883,51720,1250,1250,1250
